[
  {
    "id": "personal-info",
    "path": "personal-info",
    "icon": "pf-icon-user",
    "label": "personalInfoSidebarTitle",
    "descriptionLabel": "personalInfoIntroMessage",
    "modulePath": "/content/account-page/AccountPage.js",
    "componentName": "AccountPage"
  },
  {
    "id": "security",
    "icon": "pf-icon-security",
    "label": "accountSecuritySidebarTitle",
    "descriptionLabel": "accountSecurityIntroMessage",
    "content": [
      {
        "id": "signingin",
        "path": "security/signingin",
        "label": "signingInSidebarTitle",
        "modulePath": "/content/signingin-page/SigningInPage.js",
        "componentName": "SigningInPage"
      },
      {
        "id": "device-activity",
        "path": "security/device-activity",
        "label": "deviceActivitySidebarTitle",
        "modulePath": "/content/device-activity-page/DeviceActivityPage.js",
        "componentName": "DeviceActivityPage"
      }      
    ]
  }
]